"filename", "language", "JavaScript", "CSS", "XML", "Markdown", "JSON", "HTML", "Log", "comment", "blank", "total"
"d:\work\clxone-cloud-translate\README.md", "Markdown", 0, 0, 0, 38, 0, 0, 0, 0, 33, 71
"d:\work\clxone-cloud-translate\package.json", "JSON", 0, 0, 0, 0, 53, 0, 0, 0, 1, 54
"d:\work\clxone-cloud-translate\public\index.html", "HTML", 0, 0, 0, 0, 0, 20, 0, 23, 1, 44
"d:\work\clxone-cloud-translate\public\manifest.json", "JSON", 0, 0, 0, 0, 25, 0, 0, 0, 1, 26
"d:\work\clxone-cloud-translate\src\App.css", "CSS", 0, 33, 0, 0, 0, 0, 0, 0, 6, 39
"d:\work\clxone-cloud-translate\src\App.js", "JavaScript", 23, 0, 0, 0, 0, 0, 0, 0, 3, 26
"d:\work\clxone-cloud-translate\src\App.test.js", "JavaScript", 7, 0, 0, 0, 0, 0, 0, 0, 2, 9
"d:\work\clxone-cloud-translate\src\assets\index.js", "JavaScript", 6, 0, 0, 0, 0, 0, 0, 0, 3, 9
"d:\work\clxone-cloud-translate\src\config\index.js", "JavaScript", 9, 0, 0, 0, 0, 0, 0, 1, 3, 13
"d:\work\clxone-cloud-translate\src\hooks\useSearch.js", "JavaScript", 0, 0, 0, 0, 0, 0, 0, 3, 2, 5
"d:\work\clxone-cloud-translate\src\index.css", "CSS", 0, 266, 0, 0, 0, 0, 0, 0, 42, 308
"d:\work\clxone-cloud-translate\src\index.js", "JavaScript", 21, 0, 0, 0, 0, 0, 0, 3, 4, 28
"d:\work\clxone-cloud-translate\src\logo.svg", "XML", 0, 0, 1, 0, 0, 0, 0, 0, 0, 1
"d:\work\clxone-cloud-translate\src\pages\AccessLog\index.js", "JavaScript", 165, 0, 0, 0, 0, 0, 0, 4, 12, 181
"d:\work\clxone-cloud-translate\src\pages\AllowList\index.js", "JavaScript", 172, 0, 0, 0, 0, 0, 0, 25, 15, 212
"d:\work\clxone-cloud-translate\src\pages\Dashboard\AppState.js", "JavaScript", 60, 0, 0, 0, 0, 0, 0, 1, 4, 65
"d:\work\clxone-cloud-translate\src\pages\Dashboard\FlowBar.js", "JavaScript", 103, 0, 0, 0, 0, 0, 0, 9, 8, 120
"d:\work\clxone-cloud-translate\src\pages\Dashboard\TopLine.js", "JavaScript", 194, 0, 0, 0, 0, 0, 0, 0, 3, 197
"d:\work\clxone-cloud-translate\src\pages\Dashboard\index.js", "JavaScript", 225, 0, 0, 0, 0, 0, 0, 0, 20, 245
"d:\work\clxone-cloud-translate\src\pages\ForbidList\index.js", "JavaScript", 182, 0, 0, 0, 0, 0, 0, 0, 15, 197
"d:\work\clxone-cloud-translate\src\pages\Ipv6ApplicationUpgrade\index.js", "JavaScript", 263, 0, 0, 0, 0, 0, 0, 14, 28, 305
"d:\work\clxone-cloud-translate\src\pages\Layout\index.js", "JavaScript", 215, 0, 0, 0, 0, 0, 0, 1, 19, 235
"d:\work\clxone-cloud-translate\src\pages\Layout\style.css", "CSS", 0, 3, 0, 0, 0, 0, 0, 0, 0, 3
"d:\work\clxone-cloud-translate\src\pages\Log\index.js", "JavaScript", 162, 0, 0, 0, 0, 0, 0, 0, 12, 174
"d:\work\clxone-cloud-translate\src\pages\Login\index.js", "JavaScript", 83, 0, 0, 0, 0, 0, 0, 1, 10, 94
"d:\work\clxone-cloud-translate\src\pages\WafLog\index.js", "JavaScript", 135, 0, 0, 0, 0, 0, 0, 0, 11, 146
"d:\work\clxone-cloud-translate\src\pages\Website\index.js", "JavaScript", 240, 0, 0, 0, 0, 0, 0, 0, 15, 255
"d:\work\clxone-cloud-translate\src\pages\index.js", "JavaScript", 11, 0, 0, 0, 0, 0, 0, 0, 3, 14
"d:\work\clxone-cloud-translate\src\reportWebVitals.js", "JavaScript", 12, 0, 0, 0, 0, 0, 0, 0, 2, 14
"d:\work\clxone-cloud-translate\src\routes\index.js", "JavaScript", 72, 0, 0, 0, 0, 0, 0, 11, 5, 88
"d:\work\clxone-cloud-translate\src\setupTests.js", "JavaScript", 1, 0, 0, 0, 0, 0, 0, 4, 1, 6
"d:\work\clxone-cloud-translate\src\utils\helper.js", "JavaScript", 32, 0, 0, 0, 0, 0, 0, 0, 6, 38
"d:\work\clxone-cloud-translate\src\utils\request.js", "JavaScript", 98, 0, 0, 0, 0, 0, 0, 1, 22, 121
"d:\work\clxone-cloud-translate\tailwind.config.js", "JavaScript", 11, 0, 0, 0, 0, 0, 0, 0, 1, 12
"d:\work\clxone-cloud-translate\yarn-error.log", "Log", 0, 0, 0, 0, 0, 0, 11006, 0, 1613, 12619
"Total", "-", 2502, 302, 1, 38, 78, 20, 11006, 101, 1926, 15974